[{"name": "0001.jpg", "category": 1, "bbox": [5666, 2489, 2490, 2490], "score": 99}, {"name": "0002.jpg", "category": 1, "bbox": [5680, 2489, 2492, 2493], "score": 77}, {"name": "0003.jpg", "category": 0, "bbox": [5662, 2493, 2493, 2492], "score": 87}, {"name": "0004.jpg", "category": 1, "bbox": [5665, 2493, 2490, 2489], "score": 91}, {"name": "0005.jpg", "category": 1, "bbox": [5680, 2492, 2489, 2492], "score": 95}, {"name": "0006.jpg", "category": 0, "bbox": [5680, 2491, 2493, 2490], "score": 92}, {"name": "0007.jpg", "category": 0, "bbox": [5679, 2492, 2491, 2490], "score": 89}, {"name": "0008.jpg", "category": 1, "bbox": [5667, 2489, 2493, 2491], "score": 93}, {"name": "0009.jpg", "category": 1, "bbox": [5676, 2490, 2493, 2493], "score": 78}, {"name": "0010.jpg", "category": 0, "bbox": [5676, 2491, 2491, 2489], "score": 76}, {"name": "0011.jpg", "category": 0, "bbox": [5676, 2489, 2493, 2493], "score": 93}, {"name": "0012.jpg", "category": 0, "bbox": [5662, 2490, 2489, 2493], "score": 93}, {"name": "0013.jpg", "category": 0, "bbox": [5676, 2492, 2493, 2493], "score": 95}, {"name": "0014.jpg", "category": 0, "bbox": [5674, 2493, 2491, 2489], "score": 96}, {"name": "0015.jpg", "category": 0, "bbox": [5669, 2489, 2493, 2493], "score": 83}, {"name": "0016.jpg", "category": 0, "bbox": [5670, 2492, 2490, 2490], "score": 90}, {"name": "0017.jpg", "category": 1, "bbox": [5665, 2490, 2491, 2493], "score": 87}, {"name": "0018.jpg", "category": 0, "bbox": [5676, 2492, 2492, 2490], "score": 77}, {"name": "0019.jpg", "category": 0, "bbox": [5680, 2492, 2493, 2493], "score": 91}, {"name": "0020.jpg", "category": 1, "bbox": [5665, 2491, 2492, 2489], "score": 83}, {"name": "0021.jpg", "category": 0, "bbox": [5663, 2490, 2490, 2492], "score": 95}, {"name": "0022.jpg", "category": 0, "bbox": [5668, 2491, 2490, 2492], "score": 82}, {"name": "0023.jpg", "category": 1, "bbox": [5674, 2493, 2490, 2491], "score": 99}, {"name": "0024.jpg", "category": 0, "bbox": [5674, 2492, 2491, 2490], "score": 76}, {"name": "0025.jpg", "category": 1, "bbox": [5681, 2493, 2493, 2493], "score": 90}, {"name": "0026.jpg", "category": 0, "bbox": [5672, 2493, 2492, 2490], "score": 95}, {"name": "0027.jpg", "category": 1, "bbox": [5663, 2493, 2489, 2489], "score": 94}, {"name": "0028.jpg", "category": 0, "bbox": [5667, 2490, 2490, 2489], "score": 75}, {"name": "0029.jpg", "category": 0, "bbox": [5670, 2491, 2489, 2489], "score": 77}, {"name": "0030.jpg", "category": 0, "bbox": [5678, 2491, 2493, 2489], "score": 83}, {"name": "0031.jpg", "category": 1, "bbox": [5664, 2490, 2493, 2490], "score": 86}, {"name": "0032.jpg", "category": 0, "bbox": [5665, 2492, 2493, 2490], "score": 89}, {"name": "0033.jpg", "category": 1, "bbox": [5663, 2492, 2492, 2492], "score": 91}, {"name": "0034.jpg", "category": 1, "bbox": [5680, 2491, 2491, 2493], "score": 98}, {"name": "0035.jpg", "category": 1, "bbox": [5663, 2491, 2490, 2491], "score": 94}, {"name": "0036.jpg", "category": 1, "bbox": [5674, 2490, 2492, 2489], "score": 87}, {"name": "0037.jpg", "category": 0, "bbox": [5668, 2492, 2493, 2491], "score": 94}, {"name": "0038.jpg", "category": 0, "bbox": [5666, 2492, 2489, 2492], "score": 91}, {"name": "0039.jpg", "category": 1, "bbox": [5667, 2493, 2490, 2492], "score": 78}, {"name": "0040.jpg", "category": 0, "bbox": [5664, 2492, 2493, 2491], "score": 89}, {"name": "0041.jpg", "category": 1, "bbox": [5671, 2490, 2490, 2490], "score": 83}, {"name": "0042.jpg", "category": 1, "bbox": [5677, 2493, 2490, 2492], "score": 81}, {"name": "0043.jpg", "category": 1, "bbox": [5671, 2493, 2490, 2489], "score": 81}, {"name": "0044.jpg", "category": 1, "bbox": [5672, 2489, 2490, 2491], "score": 76}, {"name": "0045.jpg", "category": 0, "bbox": [5664, 2492, 2491, 2490], "score": 84}, {"name": "0046.jpg", "category": 1, "bbox": [5674, 2491, 2493, 2492], "score": 80}, {"name": "0047.jpg", "category": 0, "bbox": [5677, 2489, 2493, 2491], "score": 94}, {"name": "0048.jpg", "category": 1, "bbox": [5681, 2490, 2492, 2492], "score": 88}, {"name": "0049.jpg", "category": 1, "bbox": [5678, 2489, 2492, 2493], "score": 93}, {"name": "0050.jpg", "category": 1, "bbox": [5670, 2490, 2491, 2493], "score": 79}, {"name": "0051.jpg", "category": 1, "bbox": [5676, 2493, 2492, 2492], "score": 99}, {"name": "0052.jpg", "category": 1, "bbox": [5668, 2489, 2493, 2490], "score": 80}, {"name": "0053.jpg", "category": 1, "bbox": [5677, 2491, 2493, 2489], "score": 92}, {"name": "0054.jpg", "category": 0, "bbox": [5666, 2492, 2491, 2492], "score": 76}, {"name": "0055.jpg", "category": 0, "bbox": [5669, 2491, 2489, 2490], "score": 81}, {"name": "0056.jpg", "category": 0, "bbox": [5672, 2492, 2490, 2489], "score": 86}, {"name": "0057.jpg", "category": 0, "bbox": [5668, 2493, 2493, 2489], "score": 99}, {"name": "0058.jpg", "category": 0, "bbox": [5677, 2492, 2489, 2492], "score": 79}, {"name": "0059.jpg", "category": 1, "bbox": [5677, 2489, 2489, 2489], "score": 83}, {"name": "0060.jpg", "category": 0, "bbox": [5673, 2489, 2491, 2489], "score": 99}, {"name": "0061.jpg", "category": 1, "bbox": [5681, 2493, 2491, 2492], "score": 93}, {"name": "0062.jpg", "category": 0, "bbox": [5674, 2492, 2490, 2489], "score": 90}, {"name": "0063.jpg", "category": 0, "bbox": [5666, 2493, 2492, 2491], "score": 81}, {"name": "0064.jpg", "category": 1, "bbox": [5680, 2489, 2489, 2493], "score": 75}, {"name": "0065.jpg", "category": 1, "bbox": [5668, 2491, 2493, 2491], "score": 98}, {"name": "0066.jpg", "category": 1, "bbox": [5663, 2489, 2490, 2491], "score": 85}, {"name": "0067.jpg", "category": 0, "bbox": [5662, 2493, 2491, 2491], "score": 76}, {"name": "0068.jpg", "category": 0, "bbox": [5672, 2492, 2493, 2493], "score": 92}, {"name": "0069.jpg", "category": 1, "bbox": [5667, 2493, 2489, 2490], "score": 98}, {"name": "0070.jpg", "category": 1, "bbox": [5669, 2489, 2493, 2493], "score": 98}, {"name": "0071.jpg", "category": 0, "bbox": [5663, 2491, 2493, 2489], "score": 94}, {"name": "0072.jpg", "category": 0, "bbox": [5667, 2490, 2492, 2493], "score": 93}, {"name": "0073.jpg", "category": 0, "bbox": [5677, 2492, 2492, 2489], "score": 98}, {"name": "0074.jpg", "category": 1, "bbox": [5668, 2491, 2492, 2492], "score": 97}, {"name": "0075.jpg", "category": 0, "bbox": [5664, 2493, 2492, 2492], "score": 94}, {"name": "0076.jpg", "category": 0, "bbox": [5681, 2491, 2489, 2490], "score": 96}, {"name": "0077.jpg", "category": 0, "bbox": [5675, 2490, 2492, 2493], "score": 82}, {"name": "0078.jpg", "category": 0, "bbox": [5670, 2492, 2492, 2489], "score": 80}, {"name": "0079.jpg", "category": 1, "bbox": [5680, 2492, 2490, 2491], "score": 82}, {"name": "0080.jpg", "category": 1, "bbox": [5677, 2491, 2489, 2491], "score": 89}, {"name": "0081.jpg", "category": 1, "bbox": [5662, 2491, 2492, 2489], "score": 84}, {"name": "0082.jpg", "category": 1, "bbox": [5673, 2493, 2491, 2492], "score": 76}, {"name": "0083.jpg", "category": 0, "bbox": [5674, 2491, 2489, 2490], "score": 84}, {"name": "0084.jpg", "category": 1, "bbox": [5675, 2491, 2493, 2493], "score": 84}, {"name": "0085.jpg", "category": 0, "bbox": [5670, 2493, 2492, 2491], "score": 76}]